distribuicao,algoritmo,n,tempo_medio_ms,comparacoes_medias,movimentacoes_medias
decimais_mesmo_piso,Merge Sort,10,0.009450,23.10,34.00
decimais_mesmo_piso,Merge Sort,50,0.055000,222.90,286.00
decimais_mesmo_piso,Merge Sort,100,0.129820,542.00,672.00
decimais_mesmo_piso,Merge Sort,250,0.378670,1680.00,1994.00
decimais_mesmo_piso,Merge Sort,500,0.838610,3850.30,4488.00
decimais_mesmo_piso,Merge Sort,1000,1.858810,8704.70,9976.00
decimais_mesmo_piso,Merge Sort,10000,25.070430,120447.50,133616.00
decimais_mesmo_piso,Quick Sort,10,0.006410,57.80,22.00
decimais_mesmo_piso,Quick Sort,50,0.037200,431.10,163.20
decimais_mesmo_piso,Quick Sort,100,0.085960,992.60,375.20
decimais_mesmo_piso,Quick Sort,250,0.250140,2887.40,1093.20
decimais_mesmo_piso,Quick Sort,500,0.557360,6346.50,2428.60
decimais_mesmo_piso,Quick Sort,1000,1.273930,13852.40,5333.60
decimais_mesmo_piso,Quick Sort,10000,16.017180,176926.90,68925.60
decimais_mesmo_piso,Authorial (DPES),10,0.005510,30.90,42.00
decimais_mesmo_piso,Authorial (DPES),50,0.044930,407.70,262.70
decimais_mesmo_piso,Authorial (DPES),100,0.100510,1032.70,600.20
decimais_mesmo_piso,Authorial (DPES),250,0.318100,3392.80,1762.80
decimais_mesmo_piso,Authorial (DPES),500,0.747830,7990.00,3828.10
decimais_mesmo_piso,Authorial (DPES),1000,1.658410,18098.90,8584.50
decimais_mesmo_piso,Authorial (DPES),10000,23.316200,258192.70,108966.90
decimais_mesmo_piso,Autoral (Blocos),10,0.018040,41.10,54.00
decimais_mesmo_piso,Autoral (Blocos),50,0.089130,320.90,386.00
decimais_mesmo_piso,Autoral (Blocos),100,0.195400,740.00,872.00
decimais_mesmo_piso,Autoral (Blocos),250,0.563800,2178.00,2494.00
decimais_mesmo_piso,Autoral (Blocos),500,1.210110,4848.30,5488.00
decimais_mesmo_piso,Autoral (Blocos),1000,2.596710,10702.70,11976.00
decimais_mesmo_piso,Autoral (Blocos),10000,32.907290,140445.50,153616.00
decimais_espalhados,Merge Sort,10,0.014280,23.10,34.00
decimais_espalhados,Merge Sort,50,0.055020,222.90,286.00
decimais_espalhados,Merge Sort,100,0.130150,542.00,672.00
decimais_espalhados,Merge Sort,250,0.377870,1680.00,1994.00
decimais_espalhados,Merge Sort,500,0.834590,3850.30,4488.00
decimais_espalhados,Merge Sort,1000,1.891210,8704.70,9976.00
decimais_espalhados,Merge Sort,10000,25.976800,120447.50,133616.00
decimais_espalhados,Quick Sort,10,0.006120,57.80,22.00
decimais_espalhados,Quick Sort,50,0.036760,431.10,163.20
decimais_espalhados,Quick Sort,100,0.085580,992.60,375.20
decimais_espalhados,Quick Sort,250,0.246670,2887.40,1093.20
decimais_espalhados,Quick Sort,500,0.569310,6346.50,2428.60
decimais_espalhados,Quick Sort,1000,1.227060,13852.40,5333.60
decimais_espalhados,Quick Sort,10000,16.031940,176926.90,68925.60
decimais_espalhados,Authorial (DPES),10,0.005330,30.90,42.00
decimais_espalhados,Authorial (DPES),50,0.040760,407.70,262.70
decimais_espalhados,Authorial (DPES),100,0.100260,1032.70,600.20
decimais_espalhados,Authorial (DPES),250,0.313620,3392.80,1762.80
decimais_espalhados,Authorial (DPES),500,0.749330,7990.00,3828.10
decimais_espalhados,Authorial (DPES),1000,1.647320,18098.90,8584.50
decimais_espalhados,Authorial (DPES),10000,22.896290,258192.70,108966.90
decimais_espalhados,Autoral (Blocos),10,0.016340,17.40,22.80
decimais_espalhados,Autoral (Blocos),50,0.065180,103.50,135.60
decimais_espalhados,Autoral (Blocos),100,0.126550,224.60,290.80
decimais_espalhados,Autoral (Blocos),250,0.354540,625.70,793.80
decimais_espalhados,Autoral (Blocos),500,0.725310,1350.90,1692.70
decimais_espalhados,Autoral (Blocos),1000,1.429170,2897.10,3579.00
decimais_espalhados,Autoral (Blocos),10000,17.915230,35518.20,42268.80
blocos_esparsos,Merge Sort,10,0.010990,22.80,34.00
blocos_esparsos,Merge Sort,50,0.055610,222.80,286.00
blocos_esparsos,Merge Sort,100,0.131650,541.20,672.00
blocos_esparsos,Merge Sort,250,0.381110,1677.70,1994.00
blocos_esparsos,Merge Sort,500,0.865540,3850.50,4488.00
blocos_esparsos,Merge Sort,1000,1.884080,8714.60,9976.00
blocos_esparsos,Merge Sort,10000,25.713720,120453.70,133616.00
blocos_esparsos,Quick Sort,10,0.006960,57.90,18.80
blocos_esparsos,Quick Sort,50,0.039410,437.40,157.20
blocos_esparsos,Quick Sort,100,0.086520,969.40,373.80
blocos_esparsos,Quick Sort,250,0.255240,2828.60,1088.60
blocos_esparsos,Quick Sort,500,0.568340,6270.90,2384.00
blocos_esparsos,Quick Sort,1000,1.285510,13687.50,5324.40
blocos_esparsos,Quick Sort,10000,16.315390,175962.90,69044.40
blocos_esparsos,Authorial (DPES),10,0.005770,31.20,42.00
blocos_esparsos,Authorial (DPES),50,0.049940,413.40,256.60
blocos_esparsos,Authorial (DPES),100,0.107910,1019.30,618.70
blocos_esparsos,Authorial (DPES),250,0.341810,3337.60,1698.00
blocos_esparsos,Authorial (DPES),500,0.779390,8001.20,3456.30
blocos_esparsos,Authorial (DPES),1000,1.783430,17847.90,8698.90
blocos_esparsos,Authorial (DPES),10000,25.538180,255056.10,112982.80
blocos_esparsos,Autoral (Blocos),10,0.024300,22.80,54.00
blocos_esparsos,Autoral (Blocos),50,0.119110,222.80,386.00
blocos_esparsos,Autoral (Blocos),100,0.246190,541.20,872.00
blocos_esparsos,Autoral (Blocos),250,0.844430,1677.70,2494.00
blocos_esparsos,Autoral (Blocos),500,1.491460,3850.50,5488.00
blocos_esparsos,Autoral (Blocos),1000,3.146990,8714.60,11976.00
blocos_esparsos,Autoral (Blocos),10000,42.474590,120453.70,153616.00
buracos_internos,Merge Sort,10,0.011190,22.80,34.00
buracos_internos,Merge Sort,50,0.056500,222.80,286.00
buracos_internos,Merge Sort,100,0.132150,541.20,672.00
buracos_internos,Merge Sort,250,0.391180,1677.70,1994.00
buracos_internos,Merge Sort,500,0.845240,3850.50,4488.00
buracos_internos,Merge Sort,1000,1.907280,8714.60,9976.00
buracos_internos,Merge Sort,10000,26.142240,120453.70,133616.00
buracos_internos,Quick Sort,10,0.007660,57.90,18.80
buracos_internos,Quick Sort,50,0.039160,437.40,157.20
buracos_internos,Quick Sort,100,0.087450,969.40,373.80
buracos_internos,Quick Sort,250,0.251160,2828.60,1088.60
buracos_internos,Quick Sort,500,0.572220,6270.90,2384.00
buracos_internos,Quick Sort,1000,1.241310,13687.50,5324.40
buracos_internos,Quick Sort,10000,18.562260,175962.90,69044.40
buracos_internos,Authorial (DPES),10,0.005680,31.20,42.00
buracos_internos,Authorial (DPES),50,0.044540,414.30,257.20
buracos_internos,Authorial (DPES),100,0.115310,1019.50,623.70
buracos_internos,Authorial (DPES),250,0.349720,3336.30,1721.10
buracos_internos,Authorial (DPES),500,0.796200,8014.30,3474.30
buracos_internos,Authorial (DPES),1000,1.732240,17822.10,8732.30
buracos_internos,Authorial (DPES),10000,25.066630,255300.40,113360.10
buracos_internos,Autoral (Blocos),10,0.024620,17.70,32.00
buracos_internos,Autoral (Blocos),50,0.104830,138.10,218.00
buracos_internos,Autoral (Blocos),100,0.214360,320.20,486.00
buracos_internos,Autoral (Blocos),250,0.564150,962.40,1372.00
buracos_internos,Autoral (Blocos),500,1.240460,2178.70,2994.00
buracos_internos,Autoral (Blocos),1000,2.631090,4855.90,6488.00
buracos_internos,Autoral (Blocos),10000,34.503030,65235.20,81808.00
